Step,Status,Time
1,NEW_PATH,0.0015324999985750765
2,REPLAN,0.0012126999936299399
3,CACHE_HIT,3.199999628122896e-05
6,CACHE_HIT,1.2799995602108538e-05
8,REPLAN,0.001115799997933209
9,CACHE_HIT,2.9400005587376654e-05
12,CACHE_HIT,2.7300004148855805e-05
15,CACHE_HIT,1.550000160932541e-05
18,CACHE_HIT,2.020000829361379e-05
