Step,Status,Time
1,SAFE_PATH,0.02191030000540195
6,SAFE_PATH,0.025341399996250402
12,SAFE_PATH,0.016425199995865114
15,SAFE_PATH,0.027590799996687565
18,SAFE_PATH,0.02970389999973122
24,SAFE_PATH,0.02870700000494253
30,SAFE_PATH,0.03260949999821605
36,SAFE_PATH,0.03729359999852022
42,SAFE_PATH,0.030856199999107048
45,SAFE_PATH,0.02350039999873843
48,SAFE_PATH,0.024513600001228042
54,SAFE_PATH,0.02529859999776818
