Step,Status,Time
1,NEW_PATH,0.001701500004855916
3,NEW_PATH,0.0020819000055780634
6,NEW_PATH,0.0022447000083047897
9,NEW_PATH,0.0012857999972766265
12,NEW_PATH,0.00037369999336078763
15,NEW_PATH,6.730000313837081e-05
